{"cameraMode":{"drawMode":0,"name":"Shaded","section":"Shading Mode"},"sceneLighting":false,"audioPlay":false,"sceneViewState":{"showFog":false,"showMaterialUpdate":false,"showSkybox":false,"showFlares":false,"showImageEffects":false,"showParticleSystems":false},"in2DMode":false,"pivot":{"x":11299.9296875,"y":-9763.458984375,"z":5674.44970703125},"rotation":{"x":-0.6805739402770996,"y":-0.16823263466358186,"z":0.16503365337848664,"w":-0.6937506794929504},"size":11680.5556640625,"orthographic":false}