{"cameraMode":{"drawMode":0,"name":"Shaded","section":"Shading Mode"},"sceneLighting":false,"audioPlay":false,"sceneViewState":{"showFog":false,"showMaterialUpdate":false,"showSkybox":false,"showFlares":false,"showImageEffects":false,"showParticleSystems":false},"in2DMode":false,"pivot":{"x":11461.4755859375,"y":121.0374755859375,"z":5251.95556640625},"rotation":{"x":0.3168187439441681,"y":-0.5097100138664246,"z":0.20916703343391419,"w":0.7720785737037659},"size":225.46070861816407,"orthographic":false}