{"cameraMode":{"drawMode":0,"name":"Shaded","section":"Shading Mode"},"sceneLighting":false,"audioPlay":false,"sceneViewState":{"showFog":false,"showMaterialUpdate":false,"showSkybox":false,"showFlares":false,"showImageEffects":false,"showParticleSystems":false},"in2DMode":false,"pivot":{"x":11488.1767578125,"y":-10014.583984375,"z":5652.41943359375},"rotation":{"x":-0.6805739402770996,"y":-0.16823263466358186,"z":0.16503365337848664,"w":-0.6937506794929504},"size":12046.005859375,"orthographic":false}